-- phpMyAdmin SQL Dump
-- version 5.2.1
-- https://www.phpmyadmin.net/
--
-- Hôte : 127.0.0.1:3306
-- Généré le : ven. 14 mars 2025 à 01:35
-- Version du serveur : 8.3.0
-- Version de PHP : 8.2.18

SET SQL_MODE = "NO_AUTO_VALUE_ON_ZERO";
START TRANSACTION;
SET time_zone = "+00:00";


/*!40101 SET @OLD_CHARACTER_SET_CLIENT=@@CHARACTER_SET_CLIENT */;
/*!40101 SET @OLD_CHARACTER_SET_RESULTS=@@CHARACTER_SET_RESULTS */;
/*!40101 SET @OLD_COLLATION_CONNECTION=@@COLLATION_CONNECTION */;
/*!40101 SET NAMES utf8mb4 */;

--
-- Base de données : `blog-pigier`
--

-- --------------------------------------------------------

--
-- Structure de la table `articles`
--

DROP TABLE IF EXISTS `articles`;
CREATE TABLE IF NOT EXISTS `articles` (
  `id` int NOT NULL AUTO_INCREMENT,
  `title` varchar(255) NOT NULL,
  `content` text NOT NULL,
  `image` varchar(255) DEFAULT NULL,
  `author_id` int NOT NULL,
  `created_at` timestamp NULL DEFAULT CURRENT_TIMESTAMP,
  `updated_at` timestamp NULL DEFAULT CURRENT_TIMESTAMP ON UPDATE CURRENT_TIMESTAMP,
  `views` int DEFAULT '0',
  PRIMARY KEY (`id`),
  KEY `author_id` (`author_id`)
) ENGINE=MyISAM AUTO_INCREMENT=15 DEFAULT CHARSET=utf8mb4 COLLATE=utf8mb4_0900_ai_ci;

--
-- Déchargement des données de la table `articles`
--

INSERT INTO `articles` (`id`, `title`, `content`, `image`, `author_id`, `created_at`, `updated_at`, `views`) VALUES
(10, 'Les RGL3 dominent la CF3 et filent en finale !', '<p data-start=\"105\" data-end=\"386\">L\'&eacute;quipe des&nbsp;<strong data-start=\"118\" data-end=\"126\">RGL3</strong> a brill&eacute; lors de la demi-finale contre la <strong data-start=\"169\" data-end=\"175\">CF</strong>, s&rsquo;imposant avec autorit&eacute; et d&eacute;crochant son ticket pour la grande finale. Dans une rencontre intense, les RGL3 ont d&eacute;montr&eacute; leur sup&eacute;riorit&eacute; gr&acirc;ce &agrave; un jeu collectif efficace et une d&eacute;termination sans faille.</p>\r\n<h2 data-start=\"388\" data-end=\"426\">⚡Un d&eacute;but de match &agrave; sens unique</h2>\r\n<p data-start=\"428\" data-end=\"745\">D&egrave;s les premi&egrave;res minutes, les RGL3 ont impos&eacute; leur rythme, prenant rapidement l\'avantage. Gr&acirc;ce &agrave; une d&eacute;fense solide et des attaques bien construites, ils ont mis la CF en difficult&eacute;. Malgr&eacute; quelques tentatives de remont&eacute;e de leurs adversaires, la ma&icirc;trise technique et la coh&eacute;sion des RGL3 ont fait la diff&eacute;rence.</p>\r\n<p data-start=\"428\" data-end=\"745\"><img src=\"data:image/jpeg;base64,/9j/4AAQSkZJRgABAQAAAQABAAD/2wCEAAkGBxMSEhUTExMWFRUXFxoVFxYYFRgWFhgYFRkXFxcYFxcYHSggGB4lGxUXITEhJSkrLi4uFx8zODMtNyotLisBCgoKDg0OFxAQGi0dHR8tLS0rLS0rKy0rLSstLi0tLS0tLS0tLS0tLTItLS0tKy0rLS0rLS0tLS0tLS0tLSstLf/AABEIAMIBAwMBIgACEQEDEQH/xAAcAAACAwEBAQEAAAAAAAAAAAACAwABBAUGBwj/xABEEAABAgQEAgcFBgQFAwUBAAABAhEAAyExBBJBUWFxBRMigZGhsQYywdHwFEJScuHxI4KSsgcVM2LCU4OiQ0Rzw+Ik/8QAGQEBAQEBAQEAAAAAAAAAAAAAAQACAwQF/8QAKBEBAQACAgICAgAGAwAAAAAAAAECEQMSITETQQRRFGGBkaHhIiMy/9oADAMBAAIRAxEAPwD37RTQcURHp28uiyIpoY0RodjRbRTQ0CIUwdl1JaJDCIBodjSoEiCaKhAGimgyIoRDQCIEiHqUYBoVYU0VDckFKk5iztxi2NVnaKaNk/BqS2r1cVEOweBCqmC5yTbU47bpzWi8kd/C9FJKnUOyNNzG7EISRlakc7zR0nBft5NMolyASBdhvAFLR7GWEpDJS3IRln4VE09qw0FzzMU5leDx7eXaI0ekXgZI7OXv18Yx47BIZ09k7XeGcsrN4bHHaCSIMoaLAjptiQclbWjpSMVSOWIIGOWWO3bHLTrfa4EYiOZmi+sMY+N0+RumYgQgreMxVA5oug7tGaJGfNEh6Lu6SUvQVimjqyAkFwBDVqDaNGfkPxuP1Rg0SBqY0KSkltdxSM6iQWh7bVxkHLwjuXYQuZhiLVg0zjFzAsaQbq1GMiJ1ZZ2jYlCnbLGpGG3h76Hx7cYiKaOziEIaw2tWusYvsoa8amcYvHYxERTRpThVHSBEglQS1SD5ED4iNd4z0pKUuWFzHWk9CEh1KbgB846WDwKUgGhLM8PCqtHHLlt9O2PFPthwmCRLJIc0asZJ0sZjQeEb8UutIzTEmMbrpqQvLRnhqiAGEJMtzsIWtWghB5ngaxEYgNWOesV1hawRD1Fyb5mNeghXXRjL7QKgYeq7Hz8Q5vEw+IANYQZRhCkwyC03E9pRUGjO0W0XHXHxHDL2FokE0SEBiQUUREgxItokRVEiRcSc5H+JmEVdE5H8iT/aqHI9vsCqnWqTzlTPgDHx04PFDRKu9P6QpSMQmplBu4+io8e3u1jX3CX7WYNQpiZf8xKT/wCQEdHBY2TO/wBOahZuQlaVU3oY+ATllJYpqG1OoB24x7j/AAhQVTp83KyUoEp3upRCmHIJD/mEMyrOWEfV5QCT840IWDGEzIvOWvCy2rmgQmZOeMalmFreLS20zJg74UJleEZlEmBrG5GdupLmACCTiAFD8qvVMctKzF5+0OR9R8oNLbsoxsUvG1jlqVClEwdT2bl4qsCcTxjnEmKCo11Z7Ol9oIgFYiMYMW8XUdmjrRF5hGV4t4dDsauZAmbwhRMSHQ7HKnxnWp4sxREMgt2AiJBNEaNshiRbRYiAYkE0RokBoOXKKiwFYgEduSUskhOkZyy01jjty/8AL5n4fMRI6nXKiRj5K6fHHxvJCsTL7JjD/nZABMpnAPvMz8xBzOl0k5cpFcruGuzxw6V07OB06tp8zmP7Ex672e9qE4HDokok5yDnmqKmzKXVQSANKJBP4Y8viCJ+IUygUA5gzAn3U2LFTlhy5QxalO1EgKo5tQV2bleNyaZyr7F7OdPoxksrQlSSk5VJVoWBoRQgg39I66Vx8J6I6Zm4PECYkqYMJyKALD1SaUIckbeMfaOjcemfKROQ+VaQoPQsd40JW8GDSRCAqBm4hKQ6iABWpamp8x4wNNCpmwgDMJjLKxqFqKEqBUkBRA2UHSeI5Q4F4kIXrAqPbP5R6mI8KB7Z/Kn1XCzTiYFSqjj+8XAqTVPP4GNbGlmBIhypexgTLMG1oqJDSzQsJJtDtmwMXEIi0ByBCNBhspmLiHLlikIMlW0GzpSEPaHowm58IEyQlj6xakUd/KC1qYwE7DtqDCWgi5uYiktvGpWcsQxUGlBIJAoLwMa2zpIjRIbLJIYCLa0UBHWklOQARz5SHprG6TJYbRzyu3TCaH1g2iQtSIkYdH5/nrrQrHZT/YniI0B8yiSsoCjmpRiWaituEdcR5/pjFkrWhylKCnME3IUkF2cA632jUy2x1YcD0YpKyXZNWWsZaXc0I0D/ALxv6XnyjMDJUlJJdGfOMwd8hCXAIs7nk0cszQJslOdRlEJUpJ95HWAumlD2SC7fejUjKtYBACUZkBw3urJBZLlyGSb8NIzndOuPHc96EvEzD/EAKiXJUpg4SQ5yvUgi1qR6T2d9slyUCUkBYDq7WYHTspAUQKaADzeOTMwfWFIExBAHZCQvMHIKn7ADMtVjfg7ZZOFyOAuWARR1gKDio7TO78WYMdYx2c+te3l/4kpB7UjkUzH5XSI4PTHtfMxBUEuhBPuHtsagkKIo4cFNAx745GDkLC8qer7VAE4iU7nYCY78vDSJiZc0KYpKWuVZw7cVsDb0vF2Vxquj8UsTEBN0AM5CWSkAEFWzUfaPdS/bHq5QH8RZUPeyJShGjIymwFQDWztHhZeCRXOAU3ACqg7qMvM4pZwaxtxPTChL6kZZUpNcqQynvmUsupRNLmyUizwXL9KSx1k+1eKSCRiCUvQKQhStaEkVG8Ur23xSSiZmQsqCgU9WSlQSoNQEEEZlVB2vHI6PwhmpXNZklWXORRJUU5QkuHJJFdH409VP9kVlJTMCErkSxMUlJSFJdySSCS9U0eMzOmY2t3RP+IGHWEpnPKU3aUQMjjlUb2YR6/CzUTAlaVJWkuQUkEGm4j5Wei9RMmjlMV84gwEwe7icQnlOWPQxvuZjH1qfOEUKiPlqftQtjJ/esn1gzica4P2tRIsSiWpuTph7nU/b6YFgXi+tegDCPm6elukB/wC4Sr80qX8AIaPaLpAfekHnLPwVD3g6/wA30DK+sMErjHgJPtbj0/8Ap4c9yx/yMMPtnjNcNJPJah8DF3HR7xa6hoNKz3aR4JHt3iUXwaK0/wBYjw7EdDDdPYjHSJ6OoRITkKDNM7MElYKRlSJbqNbUuKxjPmwwm8rqNY4W+I9GcWJgdC0qDs6VAhxo41jVKmEBjpSPm3QMpXRKZwWk4hK5oGaUUskhDgKStQU5FdqCsdM+3so3kYgfySz/AM4cObDObxu4suPKV7MTAHOunzikSj7yjraPISvbjDapnjnK+SjBK9ucMUntrSWp/Dmnl92OnaM9a90VpCdOUJxKkhISzOdI8mj2zwRvPPfLmj1RDh7VYHTEo7yR6gQbh639PRYeQDeNyEIAsK+MeVl+1GF0xUkf9xI9TByem5CrYmST/wDNL+KobdjWvp6iXJSLUi0yw7uWjlScZmHZmSj/AN6WfRUPky5iyUgoLM7KDV5Rm2T2066UD8USMH+Xzt0/1H5RIO0/a1XxAY9IDkhtwfhGbpVEpSFL+8s5SdwkBuXvHwjuf5ZLNOsk+Kx/xjle1PRwTIzpWggLyqykEDMlRS+YAv2CKRy4/wAiZZSa0NWPJzsUtUwKKgohTuEpS7mvuACNkkFQ6xKVBJVlU5B7YSCrKdu0CH2hHs/hOtxMtBZnzKJLBkgmp5sO+N/ROG//AKEyCQpPWzfvMl0y2JOgFEsTxjtyZT+zfHlZv9NElYSP9JSwUvmS25o3cIRiQHLOmgLEsQ6QWNb1j1UroopACVIYaCbL+KoXM6CCqlIJ1ImyvNlR5/nw16rM3K4JMp8olTQXIfL2QRq+3GPoeG6I6OwfR+HxU6VnmTZSFMVq7S1ICiwdkh7nR44C+jlWIv8A7kWPfBY+TNmSwgucksSkWVlQE5Qw4CsV5sLfBwuvb13QZwq8KvES5ctBmLEtHWJlZZYYKKnIqkFZGYklssfIsd0yZkxaVKQmWtSlFWXMohy5dT9prADgI7PTnSUyRgZGHqEkuqgcskUq7Cotdq7RzPZXpeXJE5Jw8qcuYBSYAQUpIVlSGY1SXFCc2rR1xk12WVlfQ+g/YtfU4ZcidMXKmTFCYgjsqll0uxoOyi7VCjZo9z0qMsnHD8KUJH9CfnHxv2f9r8PIT1KkYgykJKSEYvEJKiEMMqQsJlusGzBlDavXT/iIn7KZRQr+KlCFzCVKKVSZMlJu5UCpJqS7FzF1pui8TiAjLmpnVlBcCrE6wxRjxXTGNROnSSB2eyFukKOUrUCnuBVb8W7R6JONA7Jej1INvuuTq3oYda9uVrpZoR1hqyk94+RjOMYm7jxjHOxCbuNSbawzQ27eClrmKCQylHQUoA5ck0prHn8PiJ8rEzkzXZ6E5lygxNUqBYBqU2a9nYDpImcjDJX1YmHItQKaqWcqEHUJuS1yz0FUdNommepCklSZIl5gyikIKHGbKXqvOX2GjRx+Szl63WtbdscN4b+3WwWORMstBU9ga+BrDZ8wJFiSaAJZ3Ozx5KScOZwBJWlSFBNe1LcBTE2VqAbVNKx2JONJQULLqDhK7FQADKI0LK76kR2yxc2PpQZlMlwXLgl28Caj4Dv9fOlL6Nw06UsoUZkxLKlq93PlCCUEBh/BNnNzHAnS09nIkXYC1WLV5tWO701hgqcuatORMuZKo6VBSgMuajsAEzKH8Y4iPm/mT1jf/Pm3+mtPV+NPdcPphCpM4rmBSEEpXU6JQlAzpBcGqjaN8uYFaHwi/azpYYozUpUSgpITRvumvjHM6NxR6pBJfsJNW2EdPwMrnx7ymqx+RNXw6UxaRceUKXNQ3nbasKmTiTQtHY9kZkwYhWUv/DVXshrMxNKqyir3Mennz+Ljyz1vTlxy5ZSOfLCVJCmoQDUVqHrAhMs/hPCj+ESfiqqKiHzFyLEihNKXBs0LlYgHaN4f8sZf2MvFsNVg0fhHhCZ2EkpqpKR3Ro64XjHi2XcE0LVIrxbS0Vn6EyZ50rDB+ymlzcMbW3LRpw3RMlbFIoTo4jnno8FIYkKckAWYUbjYR2ujZolmUFq++lLuNVAByToPSMzG/bUtfVlexWB/6J7p00DwzxI6s/EzMxyS5ak6KM3KT3ZTrxiR59122+PHLo/eP1jJ0rhjOkqlAhIKkqPZd8gU2tPeMaRJG/pwjne0IKMOsuQ4SkEOKlQ15R5+OXvBZWX2PwSEoXMI7SlZdSyUNThV35CMvsnh05gokEpw6Ax165a5qj3OB3mN/sxJBwkuhU5XmtXtqBdzswh+F6Fky1ZkIKS7u58L24VEd88/Ocv2z1rblSfuiCElP4UwP2Yj7zHi3wERMoiuZP8AS/8Ayjzao60XUo/CO79oFUlBplB56a621hnVE6oPl8THP6Sw61lEqyFk9YpJLhID5HA7Oaz7bPDjju+11rnTJMjFz0hDqly36wgEIJHupBpmJJL8BDen+jsPLw8yYJSEqSmhSkJZRISm3EikdmVgkpASnshIYAOAB8YwdO4OYsS0pSVpCwtYs4RUDiCdtrR2xztykniRWUvo7oeX1UvrZaFTMoKipKcwJqztVqD+WNJ6Gw7k9WH1bN6P9OY0pVmZXaD/AIkkEcwYFUxP4qxzyzz37Z1WBXs7IYhIZVcqsywEjRIezWjoy5LWVM5dYojvD1hJxMv/AKif6gPJ4aFvQNBlnnfY0tUsE3U+7mIMMPxK8osRQVw8Iz5HV0Oh8GgFSipurQpSRT3mLGz0v4bx5HpPFzCZqlZ1zp2WWlLgZZaAoKU38ykDRIKtxHXxOHCiFZMy0VRVkgkiqrOE3a5ZtY4EyQFy8QlczKozEykLIJWyCKKI0ZSiXux4R14cJ2udv+naZyY605U7oyZJm4YzGPWLQSkVystIKDvQjxI0c+4VgUv7qW/IPWM3SUwFOZKiVICmCbkqbwqAeTxo+0I/EPERrk5bnI52TUrNi8AyXRQo7aWABKkhwDuCQI50rpACXJlkL7QlzFrJBSCsBCSoMG7SmufeNqx3ftA0V8RGNM5MxUyV1ctKEy0SHQGJACx2i9w4PB41hjM+PK5epr/Kx5el1PtjxFJ6ZOVs0sqCsxDkA0sdQ/KG4HoppaEzHcBuysZeAYp24w7HYqahMsAuOsQJislakJBt2QST4xsTMOw8f0jN/wCvHG432LyXP2zI6NSLLWKM1D8otMudLrJmqBJS/ZQSQC7Bw12Las0a0zOA8YtEwX9C3wjF5cr4vmCePMciT0USgEzVOplHsgVYOKG2sWjoYhRUJqql2KA3IMqkdV0ijNy4QLjeH58/qpiGCUBRaf6FD4mEJwE0EnODQix8ax1s43HnFZuUP8Rn+1qOeZUwEMM16u12PqIw4+XPUkjqX7YIqFM2oYpoW1c9o0tHebl4xYEan5GcMaejfafESpUuX9nkKyISnMuUrMWABdlMdn1aJGYq5xUX8TkdgQnYtpaF4/DhXU5go5Jmcl8wLJGUFDb1d4NU1TGz68LU+tobKnHVj3Pa76COUuvTruac/AKlSlLky1lSUkK7SWqodtKfxAH1jX9oTvrdqRed791SGt3awaEJuw9fKC5S3bOyPt6HbrByLB92cQH2yW3vjnmfyjWqgowsHtFpUlqHyAPpv6wWxbKlKzVzfXxgiog3vZxBhafpvgOcLSpLVa96eXdXvg2tjEwjfwhoxFNvSMxSm7DwAGnzhmcE9l7aaBtIey7nIxVKhPiRTR4NM1D9pJ1tm+t4xPS52c/XKCd+WunGLsvkrUqYk2Cqf7nprwgRMTqDwq3w4xnTQUvz+voNFhruPrvg2O9OW3Hx+jFFewPfeEKl1u2t7QSw3pUX7/q8FZuQn4HzaFoQEuxAzEk0Fzf0iiBq+p+uMTKL8PqsW6NiKRv5DhA5XsonuDekWlGw9W+mhQSa0O8AOlyCqmfKNXIA22ctwip2GyLIExKxRilyAK0LgMXq3GACOfr9eEX1ZPq3qXjpM8pjcZ6p1P15KnpT1a8yligy5Q5KkqSpLg3Dh+6CKk3c1s4I8jDA9vjEL91b24wW2yS/S149EKxSRct3H5RBiZZ1D94hyVK402gAomoBL8NvjBpaqvtCBTMnxDwaZgO3jCzm2D6/rFhRtfi1PODS0cQYoVoYUSdvn9fKIF8+MCGL/QhgTCOuG8Xn4/OJaHEgQv8A3NEiSurL1zbvofhFLdVgluP6w1K3o1PG2loFZDHd2GvLk/wiaAinGjZRo2jMzQyWk6pYeFqV8YBbl+yprWsRW9u/jFmZxo9XYkdzVtEkJY0A+m5PFFBax+tIuWq4L31A41g5kwJBI35O3K9x4xaQUB9e4Ej02gkJLsEnZyqvp9PBInpq5dtW58PposzXPN2JOnB7tGiEy3sHpa1/RvhBLSXfKws9H4UGtOVIRNxiR36UL8HA8+MCnGl2VQ6uBo1zpQRDcPA0I5V504mvlFplB9btbnp36QkTgwIJvQBg+/F4PrqcRr7ovcBrRBSkmtO43pz7oAsRWj93p9CGImgvYsL6ty71QJWABlHLUlv3i0tK6jVz3DavygUIP0R4DeHKxCv2YsNNd4DrTTRPEVDhjawpEgrSrR2O5FaneLQSRp3HwoYYJZ2AcsHe+unL5RCkj9izEeOnlEtBVMAdye8k3494g0LcXZJrf6bSKUpRN/CmnNz4RZSp2zGnAPT1/WI6RL618dteENbhzuebQnKXpV6OxcXqdoNUxnKkks2rabO+kRkMA073+vqkCa046wQL87sdObaxUxBNAfMUIETSgU7g8C31tB5Q+z0py4QCNAeYepfwi82jg+XqYirqgBQk7CjNvWGdQNTfRvWFZmIoQ/e8HMBv6gX4bxLwEyg/k4EWJAoa8XB+IiHMWPDQDzb14QCJKr+8L1YeG8Q8DmSwdKeXrFZBl22o8BMllyNBrR4tHLvi2E6k7mJFKlHfyMXB5Og9UKB2Ivvrbx2iIls5IV3VDA+VIRlSXcm1Bw+X6wYUlg9OALi9yw+qQaoMCCzaa2f/AG10N/GBypBc0fuPcdoXnFBuL1LDQnao9IgmZQ5N+G2rEefGHVFNDCrg7Fx4Nz5QIQbV30Ydz01udYpc52ISGoaUobv5221gSVuKEB9Ek7Vsw+jDJUvqy1WpXYPwFXtaJ1BYuW141/UXeAnKmMwI30ruSWrakRClsGpxbbi3wiSTJTDelmN2dktfbvi1IV432s3yo2kWiYXLnLVsoNd+7S/GJKUuxQo3Z3221/SEaEuQK38Qb2Ym36GINxuXGr1FaVDbmKIW2bLq4c3sDXw08bQISpQrlTtRxRzpvW920iOjJSVKBdTC9DoObN+0RaKHLv8AEtQU2FRppAqlEM70Braprt6anhGUy1BwVHk1xwJgZrWEktQbnKedItqM76EM7EvQaaRm6mZYE131Io7v5Q2ZLIoQdK/GlWrfhFV5OkzGuA5D1Gr0PrA9ZTm1Taj/ABgApVAX1bSt6U42gkpcWZnOrX1eI+1ysQn5NYixofD5RDMszgWvtxPKKShn91Xka17/AP8AMGDXhpW518z+8FKSpwYVPAO7aXHLzhnWps3nd6bD6eEmSBoHZ7vzHnAqy/rfXyteJbMB2AZ24U/2v9PEQhnIWRqxbeFqk1YjmzE/KrivCKEsDTMWcXFd9K0hTWZ5A99qXNjrcH6eKnTC++tad8JCTYC1y4bSldPKpgVIZyAXps1Njb9oWtmic4oSR5+sCpd61GhULfW8SWFFw4cvc6cW11gShWqU86mm9amILK7U0vf674YqYDQ/KFvYGwGjjkW1g0JSXox51oNdP3iQkTBlPi5Pk0USLirVLhvWAlZRQPv7x5jTh8YaoBqEA1LFiPEQNEHEJ1HnEhhWrY+ESJkpaUAhkklqaW7/AN40y5YJNQ2lz31NOY8RGcLNHtoQXIvSt7/WrUlJAGrtVz3329Idtp2X99QuKDYVLm0CqSigereNTUxa5+U5Q51LNZ/hT6MLEkKezkamzMSWalH8YGdClkPoDcdzkVc6C7RRmm4ZhyelnMQSANAdnU4Jarhr/rQwoI/LUgirpo7B34xWo0TXAol6tUBtGJJDNfekQKWWehFu0SANQWGxipuIFAankDS3p9awKCqpavyNaeN4tgSXXR3FRT13F4OWH7Rcg6+LCzWHx2hQnsCCGDhtDbXWr7xasWBvqHJ0cjS12g2jpU+gqxu5cKpqSDWr30Gl4ipjC4te4HAua2FO+EhDmmVq2s6TXMRQi9IGQG7QvWhrbYcnhDSFpNCADZmHEW5wCixqWBD1oW5a3PN4ETABUuL0FGvXjVoCZOdTklzvo/J97cYSYqoOVQBFKmnE0Hnyhc0zCWBSW+8xIPJhsd9LwMuc+jlquH7KhoNb/wDlFrJZwnKWI1N7BuBPFvWSdabAudWelaEPU6iu3KGpxBCSwralRTyq1gIySpi6BQCRV3am3lDF5iHJ0LF+Q561bcQDSLUuoDcHBBq76c/OFpVMdyBZ25WMaJSlGiSNBvXWun1awYJKrm+rPTV70oL8ecWl1ZlJXoaGgtYAbmv6QZBdNQe5iWFai9dIteFol61I1beu1/KIEF6l3YOC6ntdq3hWlYkpqal7ClPr5RaJb0o5ZqmnLSBSk6nlamrKaClyaliRpU0HEDeLS1tUnVyfo2i0pUo2GUVU5Y148aREyWLdrmO1x1sO6KQTYPW1wTUOGNLxHS0rYuDzFzzO4gpkxIsTwIbWht498CgVs2zgF7uYvO96DgGLcRppAgqqQM/k47xpElzE2C3ve1dH0htSnKjtAULgA66mm3jAIkAB2Cu4OL698SU5AbL4Vv8AKHda1CwGgDg68ItayUkjmzjgOf7xEq1Bati4/TWLa7A+1AUDAbZf0iQSpwFGPiflEi3F2KKHYB7Agh2A5s9+cXhJV2JB5v8AIbwEhJYkHk1AM7liwD9+jQOHD0JKeRAp+3rGo3KdMnhVAQDYtVxyJ0BNz4RQw4IBzB37IBsHZiDfbSHzJISjs9ngK21cWrrCZAdF8pJdyDvo9d/KJWUuagigJbTiah3rq3hAzEU7YpTKySVCtb6sQXrDpYdw5zXoRUPWt7bWgkzlCmps4VZqk0bfxMDLPMzAghIFNWdySNTFnOQR71QAU9qujkcPhGlUmyRbKdWtUvzqH2AgEygkBgir1y8H0rUpNO6AM4UpR93KPB2rStaOaxclnclThgKNVmNQDS57o1EdhNak0OpFMoB1NzFqUU5XuHFaNsa2uz8bCJE4gqVcqFHYW12tr4RDIP3S7VZgS1a8xr8opOI2ADUeutr0JbeBw85lBioVBcJvsGNGtCkOEDhy9NKMRrTkPCGS0gsrKXBu4LUvwp5twjZ1cty2ooGa5USKD8QN9Iz/AGk1ICKWdwTvs1x5wteINcxTFhSm5ajnXYtvTcQPaJBcE1NQaA0JrZyPKFSxnBBUApxmcvS7JYct7Q2WpQTYlRpU8Hc+Hw5CUoA0VYA8TzY3rVuHGKyigdgdhtUF9dacYH7SSm9HA0YjtXA4JtwMJxMxmpyBd+JPiDAxa0mWXajCjEliTrSg/SKlliSWFWav0bxjTNBpqaV8rnX4w2WklJY27hcOB9BvGJbHN0GZI7mfV1efhFBYUSBbUaV1Gw4wClsVBmDmh7gDWp7oZ1rAkHRx48OURH1zkmwbZ7NvAyy5BVe9QwDtW9GrEmILXY6E6DemhfyiN2u0dw7Ne160iSwsmmndWImvZBG42rsdP2gJb11pZ2VWxBIt3QKpikmvAauwOhESalTRqwIdjWp5WjLLnlz2KWNKE7inOKmEvQA1oT8QwrxgwhQusttchztEodNmKqKaVagFN+6FrWpJFQXNwd9xpFlKTckl+Hp84k2Slz2qhmJHn4GLSImlSjQkHQc6U8ICZMW5JIP1aDEsVAIAa71UNYI4QM+YmttqPU/CDQAJ22ZuQiQwp4+RPm8SM6GmzAiiuY8iqMpH8RXP4mJEjq3FTwzd3rGmYaq+tREiQNF4RIdVBQU/pWY56JhIqSab8UxIkH0w3SLL/l8/3MJme79fiV8h4RcSCCk4ZReZy/8AsA9KRoKySQSSOsF66RUSEKwiRlVS6g/Hsq+Q8IMJGYjRj/cYkSJoGOWerVU/6i/7kQgqNTrl+H6DwiokKaE27h8Y3TFHOsOWADDQWi4kRJm+6s6gFuF45yTmQM1a611G8SJEybhpYKKgGpuOEDh1GzlmJbR3AeJEhMPx9CkihqHFCzIPqSe+F4JZOVyfdfvc1iRIBTFGg+rqU8WTRP5R6xUSAQ0BiGo6C/G8VMLpD1v5M0SJEaQo37/7jByv9M/lT8IkSJQafucz6CJMLn63ESJEmfpEfw1cviISk9s/lHoIuJDFG6QOyPrWJEiRlp//2Q==\" width=\"276\" height=\"207\">&nbsp; &nbsp; &nbsp; &nbsp; &nbsp; &nbsp; &nbsp; &nbsp; &nbsp; &nbsp; &nbsp; &nbsp;<img src=\"data:image/jpeg;base64,/9j/4AAQSkZJRgABAQAAAQABAAD/2wCEAAkGBxMTEhUTExMWFhUWGBgaGRgYGCAdGhsfIBoaHR8dIh0eISggHR8lGxgdITEhJSkrLjAuHyAzODMtNygtLisBCgoKDg0OGxAQGi0lICUtLS0tKy0tLS0tLS0tLS0tLS0tLS0tLS0tLS0tLS0tLS0tLS0tLS0tLS0tLS0tLS0tLf/AABEIANwA5QMBIgACEQEDEQH/xAAcAAABBQEBAQAAAAAAAAAAAAAEAgMFBgcAAQj/xAA/EAACAQMDAgQEBAUDAwMEAwABAhEAAyEEEjEFQRMiUWEGMnGBQpGh8AcUI7HRUmLBcuHxJDNDU5KishUWgv/EABoBAAMBAQEBAAAAAAAAAAAAAAECAwAEBQb/xAArEQACAgEEAQQBAgcAAAAAAAAAAQIRIQMSMUFRBBMiYYEysQUUcaHR8PH/2gAMAwEAAhEDEQA/AK1qEZpDOecgHAU8An1ntUtqvh3+Xti5cZZBHlVt2MZ9Imh71wIqRsAaSZxJ4nPJnsBRXW9IotKu18mMzIAGZUZINec5u0ujnQ3a6khZlCzuSTtWDPJ+xAGRTWkWbi3hatrtAY7lmARBgHJJJwK6zNsZUqwzAH059B7TRnSLyIDv2sYHlPcZIMjgZ5qbe3gyGLGnuFRc2gWy7BJPcGSY7YzS7FpSzsWYuMtAwsf549KFtX5YL4isx+UDjv3PaiNbfRjbTIYmbhQ4CrgHPPPFbNjV4ANoughiloB1CmYPcmR9s09bS2cttYjAZ5mBmVA59JNFdV0ovK9wwQLgKGAAw2gBQq9x696V0awG/q3vKicqo+Ydo/tTN/G0FKsDFlYLXbYlFb5wO/qPYGglYl7QiCyksdpg85P+D7UVqdck5MyIW2gGZY4InEL+tOdNLuzFfLtAWO4kY4wfT0rZWRex1rNtUTaDydwiM+pPvPPERT+j00wcqZluPMAQqBZ5PHOIFddS86GwFK31LXL0kSqrjafoPNA5nFD6i5fJFtYO1nQkCdxPBJ4gT9qntk+x6fgcdCAWWTsZQwkcZ28ZyRmKHNvbcIvjz3BPvnM+xikaXRi5dNlru0GSp4WeAWPO2RNBQjOArsx/FHBIxyeARVFCsC0yQFu0bg8NXa2DJYxP3HE+wo/UC0rIbKl1UFgpO4ggGSYwBkZqLe+ttbyMDmVEiFiRkE/SKf1OuVVFi3bgMvmIziJx7E0HF2bPAi9pF8K27XBbfaXfOZ5CmfXtTJLMqtDqqqxGxpIDHzMzc+w+tdYt3rl1SECuWUBT5sRHy+p5k+ldbm14puCLaBg0SeIIjMbd8SPpTp1wasjC2gqgacPsL7JcQS8BtuMqI5r3W6jdqN1xCVnChgRJ8sgjgYiaXf1V02UKQPxqQRJJ+Yknv6flXmhUm4XulLYCKFuADy7RKkf6mLRz61SPn/oKCuiF7RL+ZfLCkuYYTBPrAmPemXIIKqASt2DAiBtwPUNu7UQNe7eYOSz/ADtuAUcSmO8iTFE6nUWtjKJfbcaGEBmIgQAc8g5qDtO6N/QHU+Itu3btAXIuecDLNJIBPoO1MaZrivaUjYygAhjG0Hkgd5mjNRdK7bVlGcQMk4QmSVnk5zNEaS+FcShc2xDuw8pzxngDjnGBWzkKI/q2gJKQERLimG5YqBt+okim9a966UWJ2hPKB3HPHYA5pWssSbryuVlDMQTgD0kZxSdPqStkWLfhgTLXCpPJgifQc/8AinSTj9gvyG27Db//AGgp3jZ5toA2yJ/29596B0lp7tzxUR/DQk7jwRmXM/hBnNF37AvG0hcygfkEYUc+pEnvRaXnVfDBAD21tGO3BPsOOfrSp0vsD8jFjQWZ8xa821Jzt2jMD3/6v8V1eG4lktb2Lfhj5mGZwDz2wIivK3y6bDuQDZRrlpxdUPeNxQokhbecCO5kSSK81NtgzBydyKTtI57hg354PpS7N1m3M26Nx2tAElflJP8Ap/Wi9fdN+8pQtsNsBkMl2YY8uMj0GKZ8gVkfrdO1wItgMPKFKTJlsHzHEEmQKbsK9rxLbqSyFFBIGVbylvcyalenX71p7jKfMyqGgYBHBPrHv6ml9T0Nw2rRRrct5mIkEgEgrmTAMehpd/XQaxYJdsgC0AAAsqAB8wnB+grzxPPdW6vlGNxIU5HbuYIkjjik6bTXPDbUEptLC0gJ84Ycwo4EGJNBiwYi5cVyCZUyRMEbRHpQ2VywrAZYO1FQnZbLFl80tCjiF4B9aBFl33BrhtzJABnEYB+rUtNQxutuUKiiJJicAQO32p7ofQdRqrjrbaTbIG8ghczK7uBH51SMcjKLYx0np5srvYxd2ycSy8wI+/60d0I6hzc2aW9eJBUbQAAV4BYwsAnOa0TpXwLZUA3QbzcRBCYxmctxyT9qtKaXaIXaqj8IIAHrirx0XLMh1FIzzR/BV91A1F5EBEsF87ljyCcLHtNS+l+ENMi7X8S76l2iZ5woAzUr1rrFnS2/FvONuPlO4kkSBHMmsy67/FK8+5dLbFpcje/meD3j5VP51fT9PHpDGkp0vS2VJFm1bXuSABHEy3aojqHxd06zg37MjG22u88wRCjkc/SsU6hr719t1689wmZJJjPoMLQjrbX8Z/QD9a6VpJcivJqN7450d+4ts3fBtnBuPZJAifQGAYEH3qzabpNgqL2jFm6B/wDJbO5vefT6VgjgEypkE+ufvXvTepXtM/iWbjW29VMfmPTHeqOKdCe2jX+oaYF2Zg4diCSGM8EcH2xHFQ13SzuQOBbcjxFiGIGYB4G45J+lJ6J/E23dAtdQtn0GotjP1Ze4juKmep9L8gvWnW7abIdciPfuPvTR0dCeJxpnLqw1YZiyr6pNgC7WRADgeYGcAbvSTJPamb+ls3ktqjM05acCV5A9QDORzipVLpFJMR5TtM9v1+k1PV/hbWdJ/h/5IR9W1ia/KBLTB76soMKi+Gg7mD25EAcmvNGd9q4xYLBkx84J5j/VJgT+VedSuEbnZCS5HyfhEAHtjAr103XFY22Us4ZfN+HAHAmP+K8nU05abqao64TjNXF2HEPeW4Sj2yVRhGJHc57YmknW4trsuM0bbgGQZjzGTHuRUd1PqDh2VYe4R8vJMH0HA4/KhtJrLheBzcSHU8ATyfTvj0qUdNtWUyS2n07rIO113Nu4j1kGZg8U5/LHcxHMACASGPpHaAaF1l7c4CHcMADjn5iT2+/vTPS9Sz7LCL/UZuzQFXbBuFpkkCcCioOQrwKfXPavBXUem1TOd2RjGcGJ4r24wuy5cW7SFldSJuEkfMixkAgZMYNJGhYW1VXUhLo8yzuJInsJIA5I7kUdptHJYQsxJVsDkmR3JIBPtTtpZXJrIIaNr6IyuFxDDkz684rqkbevOnEDUKAxJAVJgenFdR3AoltUA6eOD4ShQRaQcQMBd3fcMkjihBqNY4iUQtF245PA43ACMCaZ6jqQqtcKXCfEG4OYY4x7Yxx2oW2l0YVYc8sSSB3EgDA95qUVStjWiRYm1ZG5yVVnG7dh29duIUCPrigjqbqJ4du4SO7Y9ZwO2J+9L0mka9CghQUAdifKIYDcv1PrRd7QWnvLbGCJ3XGICyB5WE4n2OM1lh5DyRuk1Lfyq21TxLu93VjGCex+w7nmmV1Y272O2QTjmW4k9s05rgfPsUrbRwvmPnMiWbHzCeIj0qT+FPhu5q7pAAVAVaZLBBPJnljGFj34Gbw09/7jJCfhj4cvay7lStoMA7BpgQJicAn8zM9q2vQ6JbaBLSBEXgAZ/wAT70vpfTUs21tosKo+5Pcn1J9aO24iulRS4KcYAWsE8k/fjmm2te37/vRp/wC8UHcP/V+c0xjJf4l6YeMW/wBdoZ91O3+0VmSidwjlTx7Vsv8AEvSzbR8Ycj6Bh/kCsf3Q4Pof+avpvBmehCfy/SMZ7Uf8KdYtaO47XtN4xZdqsI3Wz6qGBBkYqKe5BPYTIn+1epqxEFN2fXPsOKd8GQ51rqIv32upZWyD+BeO/PaTNRt1vz/SiL+oEQEAHOKEY0UYTOTU38K9c1WnuhdMWbeQDaiVfMxt/wCahLdsswVQWZiAAOSTgAVsPw18OL02zueG1l1fMefCU/gX/cfxH7dqN5oWfAF1K6xbc1nwWgblBBExJMA49IzQ6XPf9/8Ail6m6S04mkYiCPyr0YWkePOnIes3s0u6nBGIwCOeRn7UMUI4NPWr3ZhQ1dKGtHbqImlKL3QeSKa+1p3uqoZwFG5vmngFR9JpWiuLcULsYvclWYkDzE/hAyBHM96kdUEWGIUz8pYxDevvxQ+tv21KygBbC7fa2ScjmWBE9ya+d9T6d6MtnPhnpaOp7ivh+BGo0xS6BaVAqIFuMDJJb5oOZMGMUzp9GvbyIobaxPeDMxB5gRT3SviHZZa09qGur5H/ABciccDgCcd6L1urwJtDe6+S38oYv+MnsmCfzrke5Oi1N5QlLts6cW1JV2uFjdRZKwICxjlomlaXpBtPva6btxiJhQAilfMd33GBJwaY0lw2ntttAtsYLM3kEKT4kTLAc7eDA9aY0Oq8LxHJY/1CArfiQgneq4A3YxI780drp0DocudMtM7HbKQNpKMZ5JOPqB9q6rH074hkt4SboChtqggNBwJIgQRx6GupPd1FiglWS94jOty4CM7C07QN2bhUZZhwF/Oo65qW8QgXWNpnO4iAzQC3HAExjipDTXkhmbTssAhpJAXPyz8x3Rz+tR+gVLtw+RQFMuQsmANxC9lEDM5966Equ0D7CNBcuu+7aRZCktB/QnBnfz9Knl00aZWIDPcS5uzIiQAOewBJPNRh6orlFdLKWVLgABhuB83mjLHjyzXBkARg7F9+3w4/BElj/pJMAfepSi5PgeKCPh/SXLxWwi+csV7wRySSew7+2O9bb0Lo6aa0tpPWWJ5Y92P7wKg/4c/D3gWvGcf1LgwP9KHMfUnJ+1XMqa74xUVSHSoRbtgCvWQGnIrwiiEYFof4oO+nP9+/6UbdB5qI6t1AIpz7D3nAH1ntWMVb+IBVrDqhm4Y8NRklwRtA95rNdX8I6vcSmlukMZmAInJ5Mmtm6b0shhfugeKR5RGLYPaDPn9WFFaj0MUU2hrMAb4Q1nfS3cgdhiR3+goC58N6kc6e8Bj8B7iew9ATX0A1ukET3p97Bg+cb2jZfmR1BA5UjJGMkemaGNsRunEcTmvpC4k4IB+oHoR/Y1WevdCtbfESzb3IyuDtGYzB9sU8ZtsDaIX+GnwsNPaGvvrN1gfAQj5R/wDUIP4j29BPc1IdV1BZiSZmrBrdYNTYTUWz5T5XSfkYDK/T0qpas81bQVu2c/qJOqI5jmvUpphmnErvTPOaHFPEU6SDzTa80sL+tNYtFY+I7bpfVnYm248n+04kfXvPvTum1JUqT5gslASYmMfYHMVNdV0PjWWtnkiV9mHH+KqfS9SeDgjkHsQc1zamnGScJcM6YybipLlckzbTaqeaGaFNyOdxyVB7ASMe9T+qtKxXexd0KCP9q4VPXM/lNB9L0tu9eXxl8YwLVtGcjaSDtKrwACefWvHsCLu8FSrqHzJWBt+bueea+d14uEnB8o60042gu5cRrrAqr2sqrFZ8MEqCYBkHacTTfV9KqO4tkuqNCXW+VoIJB9RtJ4HtNMNrbLf/ABtbW2oFpkB/qsPxMSQXnPtStDoEvXSLTsQqSqkyWbdlU9TAIPoCaSmshvoZupbFx2V7tkMR5VQRwMgE4BnFdXavTpcc3NUtwO2AAxWAsjj04AHt711UU/sW15Ot9F8RVHjlrnibbrMdqTBMzyY5/wAUhbos2AwCK7NPhMCVIGFJBPnxmP70rSXXLXAyFgd7hhIIm1G2eCueOZpfUn8eLvh+VEtgjgLtbMz8ykDJwDS9UxkOdT0NoXgGKsuDCg7FcgYcnk+w9RUv8H9J1GsutcZFt6dboLqR5TtwFA5J9STioC/0+5qHSysb3dba7NqoCcsQoEYHmJHoB2reundLTT2EtWsKigfXuST3JPeq6EeysVRJoo9KVXCurpCdSWpVJZorGBtXqAiMx7DnioTpemN5v5i4IUf+0h/VyJjPK+gPrTmqB1F428+HbguR3PIX39we31qVK4xjjgVgg932/f8AmgrojmpC/H7/AO9AXo9f1ogBXNMTzT9we8/lTD5omG7tAaoSDP8A2ox5/wAYmKD1HHrRQrK/8J3/AAdXc0z4t6kQJmA4HkPMAEbl9/LQ3WtObbsp5E038TWW8txcMp5jIIyD+YFSnxBfGosWdUpA8VCGjs4ww+oNdUXUk/JCXyi14KoxzXIe0+9cTkyfypfrXeuDz5cilFLWkx+fFOBI/L7RWAxaZ4qofEGl8LU7hhbw3D2buPuc/erci5qL+LtPu0+/vaIYfTg/pSanFltF1KvILorzBVKmNy7ZiYz+881I6jU+JbFp7wQvdJbaMKkAm4Rnvx3qu9Ovyu3uufqJnFSh01y4m61v8RHA3Y2IpxtPuZ/xXl+u0oyqZ0wuLoTe1TMIIlLbyh5MTBYZI3RgcxMiiOpazw9RZOlttYZoZCBuiRHf5sySfX2pGp6a1ltreGqk+QsoMtIABOQACJ47CpHVXme6l+4bYctEg7jAHqIhYGQMZrgb76HugTWaN3bwwAwtYnP4skkwckzjtXtWPVa25YjGpRX8wFtzE4kz6cAekV1c+/6GpFUu9Wtvp1dneVMErksMTLdhOPpXtvT7dP4rbjbvkiCwYciBE4G6MDnFL6lqre0M8MNvyzgqMKv0xk0vp2t329yKQIYCOAY4EyJAMCKopUrS7CkWb+FPT1ua0uQR/L2jEYUm5jcB6wDmtm24j2rO/wCD1sGzeuQoLXNuBE7VAP5E/atGrr01USw3YbH0xSdTrEtqWdgqjuxAH5nFUj46+JLtl/CsMEMSzRJyO3YRVBXph1T775a6xOC5LHvMA4HPaqxjasGFyaf1D+IvT7Rjxw59LYL/AP64qudR/i7ZCnw7F5h6ldo7+v75ovoHwVbZdxUe2I/T/mnuvfCaBGaJOwj9itSGTiWL4Qvpc0lm8kxeUXDJzLZMnvBx9qlWgDms6/gl1L/097ROfPp7jFZ/+m5kfk0itFumlA1TBLl2ZnHv60FqWj6UbqWB9v8AFBXiOO/r9aIAV+9Cu350+57UO/3rAB7rj/tQd4+hoq5FA37noKZcgZF9UXcrL7H9/nUb8M3y1rU6Vs4F63mYI8riOw4PuZo7qN/asn7fWqJr+ujT30ZMum6SD69vc+1dcVcSGd2CaiCRXMY5nmo+38Q2LpkN4bHkNgTjg+9SSnE8j1GfauqM00ck4NM9Tn6U8gmf3NIQ9/2KWox3prJtCkXvTXUm3WntyJcEZ7TyTSr13aP7e9dptOSZbk/27AUG7wOlWSg3rVzTuFcQR8pHysPb+xFTS6pjOxyobYQAeCIIP1BHzdqs/UenW7tvY4xzPcH1HoapaadtPfW1dyNwg8bxPr2MwIri14NJnZCanH7LXcvLctL5VZVAVjliGZgd8HvMiPUn0p3c1tNhcSwDXHhTwQFVfURJ2j0zxUPb0V0bwbLbNyu5bgYIA/6oJhfvXaNg6uJWB5V9VAB59R2x614slSYSYSzfvAN4koBCbjmBiIEADAI+prqr/XL/AIK20QEgbhKmf9OJ9p/Wure1J5VGthmntwruysTtzHm+UCcifU45pAtOrKApUSwKHCFogH0MYk+0VK63qilTbtj+pcYl7YEbPwiF5zG4JzPNRd3SWU8OzbZn2jzse5mWURzMQY4g57UtN5Y6Nk/hfpgmhtQAJNw44y3P3q4VWv4fR/IacgQGWY9JJMVYrpgV3R4LGK/Euq8TX6gk4DbRx2gVOdD2ADImf+D+lUq7e3Xrrdzcc/8A5VMaDXkHk1ZZQJLNmvdN1abQvGOKR1S+pRhgkesVRLPXAo5J/wA+ntQvVOvEoQpgDvS7QWV/QdS/kuri/P8ASuN4Vw9gGiD9m/vW5MZ/SvnT4mdb1s8yTjuRx+X1rX/4c9f/AJzQW3Jm5b/pXc/iXE//AOhB+9ZopJ2rJ/U+/aT+zUe7/T+/7FFX7g+v04oK8w/8fv8ASlEBLzdqZY0u5TLMIzWMCX27Qaj9VcjntR15x+8VT/inqy212zOeBMkxwP7/AGqumrZOTIf4p67GF5g7f9o/1H8xVBu3Cx5n95/OiOoasuxJMnuR/b6YoP3q4YRo4gURo9bct/I5Uek4/Khye9KUzRGassuj+KyBF1J91/xU9oOqW7gLK4I7zgj2is7BqQ6Cf69v/qz39adSZGelHlF+tJuO4+8D0/71IWxGPahtNge9Pzjv/aKtZxDhP7/fao7rOjS8EDfgcMD3GePvRhiZ+37+1MX2lc/vNK1eGZ2laI3W6ZXRnuPcYBzAXlsj5VHaME070vVoLwZvkUFlXbKo20hF2jJMxyYzS00a7xemEQQRJJgt5nJwAM7QuSSfagn0zi94y6b+mHARXdeAJ80Nge5rwJJW42dcbpEhq9URtY6bxN8tkwA34iu3sT3Pp7V1NDp965Je8qGflttEDtu9/YT+teVH2o/7YbYwz2TdOoQol12Ks7q4RWbDOq8+UYExMU1p1CF/D/8AcUlRJBDdlZSMLyDiaYv3bvhOyqIMlGYBto5JHEREcc4oXraavTXLS3wiEhWge4mGIGSJkiuhRvFjpPln0N8FbP5SyEbcoUqDMzBgn86mdZ8jf9J/tVQ/hVdB0KgT5Wefud3oPWrdqhKMPUEfoauuCqPnHxRJP+4z9zRGm1REn8qirlyGPsSD7wfT1pLajafYxVlwNLksGl6ieZ5j6ik6nXSTPrVdt66Tt9Cf7/4pZ1U98xmPaf3NHIlBur1IKwamf4c9fTS6woWPh6hZcZO1liGCqCTIxVI1epI4kzgAdzxH9q2r+GPwf/JWf5jUD/1d4T6+EnZfrGT+XalkyixyT1/rCS0sABmCCDAE8Ec7TNIva5MywETOeIifykE/WjLxzxInggHFCam0jAhkU7gQZHIPP5gCp5FwDXNSsnI78e2T+maGuXB/YfmMfpTmo0lsyfDWTukxmWXafb5cUPc0dkiNh5UiHI4TYMjPFE2CJ631E2bT3IO0QN34QT2NZV17XE4PznkzwOQB3DH8XbtV0+MbgUIUtk+FDbXbcjQCuQRkjDD1IrMdUxJknnORmuiCFpWILd5pPauNdFUsY7FeGvJ4r2K1mOBqS+Hh/wCoT2J71Gfapj4VtTqU+9aPIk/0s0K1x/xTkev1psiFn9/nXtz35rpPOqxW7tTF35SR9q9LYmm7jeUj+9JJ0asAvW7Wpsi0oRWLuuwEHcIMwwJ2/aj7uiBu/wBe5ssWkLuqJlWETknB8wE59KF671lm8B3e462mWdsAhlBDnIBMGIwOKE13WS+xvLBWHtyS1wkyE9JYiT6QT6V4DUpNOvJ2LigXVaNQ243YW4N6m6CCwJOQJrq7qV7zLcVUDuo3W48qRMBQAYGTzk11Pb8m/IbDpaU+KkNtLkywABBChVycDPvM14dKzMLt3z3HcsC7Y24kbvX2A4HNHafSqLa3th/pKylSY3kiQR34G0R2qKvdTs3El0bG0K4PGZO1ZxiO5qUW28DLBov8JNc4bU2XTYN3iW5aSy5Bx2A8tX7UMWO2YHLR6dh9TWJfCvxGbGot3BsKwPGG2CFY7TmcQIbb3P1ra+msrJvUgh/MCO47fpXXp3VMqUD48/hkL26/ottu7kta/C/uP9LfbM1j15Llm41q6rI68qw/X94r6vWq38U/Cem1ybb6eYE7biiHX6H8uQaonQ+5PDPmt7uZFeNd9Dmrd8Vfw21ell7Y/mLI/Eo84+q9/tUZ8CfDDdQ1HhmVs2/NebvE/L9TEVTcqDsLd/CL4Q8UjqGoWLak+AhHzn/X9B2rVrrzk8/TH0rrflRUUBUUAKo4AHAptiam8itjLcUxdMU6xodmrCjN4+9B3j2p+5QdxsVjET1LTBgR6+3eso+JOnG25IGCfyP/AB7CtevCqn8S9OW4GU4BgjHBgwa6IeCUnTszJvavAKc1FoqxVuVMGmqcqKBrqTP7/f0pRNYJ4RVg+DEm+W9Fmq/2mrb8F2Nu9mETET6evrHvRjyT1P0ltXgZ/c15dOPWu3f5NJc/bvVbwcVCWHPoabuk/hMQZ3HhR6n2B5r1zHf6+lR+kvtdVmAARjCOTyAQC0fXgfSoeontgxkrE9TtK4e4qsQ7qfEOC0CWIH4Qc5mSMUvpu43DvtBZUIjCIORLBomYEcfeveoWbq2/DRXW1C7Lh4mecySDOAo+4pV24bdi0gDqtzYC++WABMMojALDM5IjivKztpFj23o7Z8z6kWSSR7MBiRjP14zXtd//AB6ahmYeJdIaCCAAg7ACRHr35rqX8s2B3wDas228zv4YbzAFizDaqmeAAdw9MUxq+gllOx1TZbJJZhJJ/wBKzgAE5pCWGvbh4nzAA5JDSo8oP14cmeKd6ho1S3qCCWNrwkds7lHHJ9x2HpSqTUuR1yeaPSWksspbzMq+GygDaCJYktMvAIHA+5Faz/D3qi3dGigktY/ptIg4EqSPUqQaym1YuPbt3r7D5ltxbWJBWdu30A808iKP+Bev29Fq9jXS9q95Gf8ABz5CD7MQPoTVdKTtjwfRrlvqF4knYgXmCWLR7wIHr3o/T6sNg4MTBz+Rqs/FGrtaYC9qDd8FSibbbMAGckb22kFgIUATAnijenam1eti5p7wvWiQdwYF1PbPJ+hz7mulFKJa/a5KmDH5/aq/0zTBLt9Aiqz7LkqILAArmABg/nNTej1W4QeR7cieajerKUK3Vk7SSwLkAg/NMTgCSB6igzJsI/SmmP7/AH3pwOGAIOCAQfUHIP3FM3WxRFGbg70M9PO32NDu3vWMDahwBQDuM80fdNA31zP7496wQXcD+eZ/fvUV1NMEdv2ak7o96iOp3/T9KtAlMpXxV0/cpurO5fmHqvr7RVTNaRdUHy4lgZxICxBJHfnj/FD6DountmVtBj6ud0fY1erJx1NqyUXS6O5cMIhb6D/nirBo/g+62brhPYZaIq4KIgCAAIAAgfpSm9/zo0kB6snwRnTeg6e0ZVNzf6n8x+w4H15o6/a3RJhh8rf8EDG32p044FJif/HetZPPYxp7xkq2CMH/AD9DTwY8UjU2dw/3CSp/Xafr+lVPqfxOxTbakSMseR7D71k6GUN3AZ8QdT3sNNZyzEKxHufl/wA1bF8Gzatqo8Rrfk2yNsiW3GQZAGdoicDuapvwf0pmm+YAO5VJycDcxj6DmMGr/c8FSgBS4y+baXhfkVbbOQJiGmef715nrNTdNR8FXGlSKwy3fDQb9rswEHtbGS3OAQJ/SpLXadPBtgtBYAjaw3Fm4G0wV8uJJA9qjV6Vf33GulEKAmCQFEjGMxbzwcnA9af6l01H1SswtqSFMfg2gQGAIJfj8VQdWrf3gDoI0qLpy4ZvMxGJUBQBhfcwZJ9xXUX1LqAV4tqjGBuMSeABI7cHtXUlyfQL+wez061cW5bDeG1lyCqg+QbRuVVHLTA3T7163WbaFTBm7gksSzAEZxgsSJ4MZ5qIbUkndtNrYD4ShSyqigwHAyzFzMsK4pctNdvMi+IDlY3IJXcEj/UzEeXgcGmennIzs7rnmVwtzy/MCC27dkPgZ7wC3MtPNQuktqUtm4wNoF4RvLHMNI59f0qe1uiLMVFshyoksdgaTDGF+facBRwc0m9qLFu3CW1d1ubN7GfKIJCoCdzE+XccCSBmqwlUaQys0H4J62nUtDdsX0LNbUo4bG9D8pn/AFDAJ5BANCLYW0oCh9PqLCgDU2llto4GotL86R+OCuJBU4qoWeovpHF+2wFxCG8JMBVb5lc5kECDPeOK1TwtPrtPbvMjbGUlSCVvWSwyoYeZZHI4OMVWEtyLQmhzpuqZ7du7/SZmnzWSGQkd1PIDAztPGRUuXFxQRx+UEH/NUz4b6KvTbd20l9blq7etNZWRvDzDLjnyQcdgZq2B4e4I/wBL/wD3SP7rTGaA9DdKM1k7jEuhMkwTkFj3B4A7U7cpjq2mLqGWA6EFDAMHPr6zH0Ne6S4btveFIIO1l7qw5+vqD6VjDbGKFuXaJv2z++1A3iBzz2oGoauHihrjUtn79/3xQ144NFGoD1NyAarmv1En+0f2xRnVdXAPp++ah7Yk7mn/AGAgfn9Yq8CM+R+zagZ+Y5b29BPpRAgelMW8YI/f+eadU9+0fv8Af1qlkmh0N+XvSmam1f8Ac10/SKNi0Lmfvz+/SlMwP7/femj6/v8AWmNRf2gsTAA5P96NmoG+JOpCzZIHzPKj1zyfsDVR+HujPqrq2Ux6twAM9/UxApnqetN+6W7cKvoP3mpWzeNm21oAqzggtHmb3B5AA49aTUcqqPJZfCJbbb2rCO62V35twp3ogmNkn5ycAlcdqf0fTnW2zlDeuEg7SQGNsD8QJ/EcBeAomq70nqeAt2+osACBEGTJDCMKREfemOo9c8W6N5ZVgmflYDbgduwUZrhehJtpCNUW251FBbi55Ittu2kMNu8bVZQMgEhZJ49aEUWlHiXgLnlIG7zAZDeUT5VVRE9yY71WbfxMFF4KqbbyFWUiZIgqc9hHFRt/VK0jdcCQF8MmR754y0n1ox9JJ4CotmidL1iu1w2j4CArCm5sBxMiTn611Z71Lq7O+4wphRAUEQBAABBj/ma6m/kkGibk21uS5bkMZmWAkT6kE49Oac6VZ1Qe3ZbcmFYPGBIlScxuYAfTFE272ntaPZm75yXwJZuYnggcSPr6VL6HrwCJbW0zq+22WK5bcM5PyrBgAdh9a55TdNUMsiNXa2N4K3TIDlCjmLdtbZJAB/ExgfU5qNFmbLMqLbu3Llq1b3t4nkBIJJyqgEj7gxTeptrYtsd6G7dYpb24UqMb54VATEHvS+nWrFm2jcXASgadyuTyZGE2kY+szS0oxvv9wjPU+k3UCqHBuOAGZsbQpmcdtwBAGTRvwXrr+lc6m2++1chblsgnxIMSc+RgSQGP0pWsvNausIBLMigsZhSCCyschiCIPp9aA1urtn+latygQoWAkJBktJ8v/YVo6k6pDI2a34V9fGsFCflOBuU8lCwG5T7elO6e0VLMxDM0DAwFUYUTzyTJ5J9qyj4X6tcQo+mVhCmWAi1eIhfOx/AvmJb7CtB6J8UWNS3guVs6mJ8MtKOOd1t+GB9Oa6IytZKErrNSttDcY4USaw7qfxbqBcu30vPbe46kKDACDIUjiPX1mtC/ihfvpZFtbN3a589xVJQAe44msU6jd3N7DH/NV0lbsLVItWh/ibrkADOHiJ3ASfMSc+pBj0AAqb0X8VQY8awDxuYfUyQDniI96zCBXCrvTi+hbNbP8SNOVBNtgSFkD3mecGBH1oDWfHlhp/puPuP81mjSYNJNL7UTWaF0lf5wXLx/p6a0fO5I5jyqBMknH5/WnblyTKiAeB3iqBota1oypMHDAcMJmD/cVbdDrhcUFSCO/t7Gs1ROSwSik9/74pW+OKGW7FeJfH6f4rWTcQzd7elJLDuRQVzW/wDn75oS5q/THM5gdu9MjUSV7UR3/cVT+udU8Q7F+Se34j/inOp9SRhtkt6wYH09ahyZ7c1VRGSHrd0qpUfiENPp6D2+lcLwkSoYDseKZOD6V6HpqGHkfkiRyTjE/wCPavLjMeSfXOfYUgHFcTP2o0BHgEcg4paLkce+cD60kEfSlIecZNbBrEgEzGftXUoKDwJ+ldWBZoWrt6VWm5YLKXXYqMAgJIZhC+Zm5WOBwaB6l1TwyT4ZtgM20hvKkggSvy94GefaiddriiKWCqCNoUkEtOWbGEGe/b0pV/T7y5N5SANrKi71J27pa5AWAI+UewJrxIqknLgCeaBCtu6bBuBhCFkA4+rseQDnaBJJqUv9PsAFSzt4hRoBA2mSZiJxtggjuKitTobh8MOwS3A8NSGbewzBjKAsec5j0qZ/mrRCtus+MilSNpBzAZi7LtJMQMk0s+mmFfYN1jVWDE29wVS7MScHhWIX8WeP8U50vXNctW1FsqqHc5KwrM26CT3w0AHGKc6jqQoZiFEEeIdsja0DyvAJ8xAAI5BI7UGl1zqrHh7hYQhmyQvIBmcMc5J4FIo3Hb/cK5FWuk3Bprm8gLLFgSAgC8RGSR2Ee/pUb0Xpo8vkhnV4L3gCV29pOCYMR3qc6vZ23CVe629XZdiqbsAkBiCQioxELkkjtSdNpmW3ba6guOqqwXjwtwkkwJZ2YRA4UD1poSajbfJRL5B3S/iPWW79zSXEa9a2ybYBJSUBKbmjAB+ZsZ5qF6t8L6XUDxNK/gMf/iuGEJPAVpgY9Jmirtq6LN25sQjAYuRuG/IVkmDtk5Lc9qYt6dCtq3O22pDXH+bgYK9yW8oAPFUWrJVQykU7W9Fv2DF60QAeeVzxlZ/Wo0rn+2a0Frlu7bDW/GRlJGGB3DgC5OAewIEx+dRmr6WLrKjL4YA5XaWJPckE/X0CzXXD1FrIraKh27x9Kbir71z4PRFJtPIS14lw7gVVSPKQDEk5JInJAqFtdHt3YuW95UbmuBiPKijlmGAxPAHqBVI60WrMyuGn9HeZWlJniM1YNP8AC7bLe4orOCylmw2JZYBkuozt5MwM17Y6Je8VrSnaQN07Co2f6iMlZkAT/wA0fdj5Ae2dQ0AuApjhmA/Tmm7vUkBPnH0UH/mPSl6T4YvNcXxrltV3L4k3PMqnkkRP+3Hcj3IjuqdIcFnWPCDuE3MA23dgkZ54Gc0Izg3yA8v9YH4R7gmo/Uap3PmNSHT+h3HdA3lVgSWkeUD29Zjy85pvU9JdZJUwSdg7sASNw9qqpw4TBaRGha4ipFukXNwUIxB25Ax5iB295FLHRrzXChTYRuHnMDBiP7U/uR8hsiy+aUJGaktN0C+/ypGWBLYAAmWPtj/E1Y+ifCYW83jMpVEZ1kwJ2yrMhE7J7ckjipz19OKtsFlODY/7UlQRVt//AKsLTq5JvKuwmz33+WVuH8CScmAYMc1Hj4buHTvfMLtdwVH4dnIj649IH2OXqIPs1ohCfz96Q3OJqX0nSLnjeFfDICm8kAEgESpAHJJwF7z2pafDd65ee3bWCpxvMEj6gQTBkxxTPVinlmtEMbg715VqT4esWVX+bubWaYW3DcHJJnvIx7V1TfqtPyC0S+os2hft3FCvbVj4XiyVbGHbtBfzZPoM0fe1QseItxkZwLkFEIQs8ZzCkz5duTOBQPX7vh27doAFGtIdpHcExnnFI8NmOnttccqEdhnIhjjjvPJz6EV5qVxTfAGSDaW4YNx5Qja7FCSpOViWG24Y7DHNNfyCIlprkPuEDAJsrBIMxhjjykmKTrLW6/aQs21tzFdxglcL+QofrHUmsWtyqjeWYcbhLGJjiQOPSprc0kjJqiy/yYdlcFTbVQzh38jBQckckyeD9aVq7dmVZGUsZiB5J5MqTPoFXvkk1EaeXs3N5LQLZzxnnAxUBr5S7prSkhXdgfUTEkE98959qlDSuW1vgKJHU3N18hrn9YEFnlYkT5CflMCYjj60d0vqGQ+4qzsxtLI3Qcbv9qTMEmfmoO70OytwoFJAYrljxk/nI5p/o6hrd68wBuC2gViOAqiIHGDn610SUXENdj+qtvc/mF8QsQqjwwBsOZkk5YqZ9JxTt7TFBb1TKys6/JO4scKrKgwFDcbsn9BH6W5tZYAlzDN3PmimNfr7hvJ5yNzsDHonA9hnippNvaBS6C9ar3QiWyCyBQwBC5tiHuEehnmZ7UCurK30XysrL86wIbadwnuOBkD8qE12se0fBtnaLj7XYfOVn5Z9Pt6U71+2bGqGntuyoXUDjcJXsY+2Zq8YdAWTzrSKZuNKKLS/058qruwFAmTIPzYBMmk2lNzSotpClvMgHPPNxh6xIj0qaGjtltuxdpveCRGNpQmfdpzJqEsdQdWt2RGzz4j/AEiAZ9YHPuaylivBmWbplu2bNlPKLaiCyCHdj/UYluVG1ZkQcj3FQut0OpZmsqWVTcAe4eHzO33KwvlGMetGabodpdTbC7h/7XfndtY/rUnr7r3LDXmuNvDsynELtYqAoiAI+/vSuVStdjJAXjJYvhbunS4uU3s3mY4mFyuBgmcd/ShtSb11r1xF062gdqsWHhksnlVWbuc8D8qbuXS+l0ty5Du7sJYDygkkhRwB5B2nmnOrXGt6HS6gMWe6bjkNBVSdq+URiFMChiOVzwAe19zwrQRrgYkgTtnc7jJBX5IACg959jQQ6W93UA3Btt4CHdk7QcKFyUzG71qa1XTkazZSWAuWwWg5liskE8HET2GBUH1XWMdWQPKFSYXE7DAB7x3itptvC5yKT3Q9GC1wiLS2nC7sOA7DLbjG7aNoH39Kjra6VnuEAsPFFu8z5fGQUEwATPHaO9RrXmuanT6TcVs4YhcEs2S5mZb3NPHpKgXdrOuy8QCCJORkkg5zTx0u2+TN4HOq9fZtp04VdjHw2IAYggrLKSQsA9pil6rp2wLd8e2wtWkF1kYmWkEyxIO04kgA4gexXTOh2hbvXBPlF0BcFTtXcCQRJMk96c0fSbC3Lo8NWH9QjdkAoFKkDjlyfypXtiqXQbBNfrLZQpbuAm5cl8FQ+fMJ2wTydiz2p3r63N9hbL71uo2IZSsqAzuB5ZHIUzJrzTadTsJE+E3hrPYSDu92JJk96Qt/eiAqBvSCRM8nPPOKSMkpKhbB0tW7dp7zEu1q3sa27YYg4YER8sAR3JqQ0dtr6PdaLaAKA3a6xgQCBIUCQz9pwCaC62oXSXnAEvdsKfYbZgemSTTfw7eY2LikyA6gTmPPt/sfzqsrcHI24l9Y/htuNuxdL5G6QqqCQAsqzEc5YDtE15Tr6RH3lhJF10HbChY4+p/Ourn3pB3M/9k=\" width=\"212\" height=\"203\"></p>\r\n<h2 data-start=\"747\" data-end=\"777\">Une ambiance survolt&eacute;e</h2>\r\n<p data-start=\"779\" data-end=\"1006\">Le public, venu en nombre, a vibr&eacute; tout au long du match, soutenant les joueurs avec ferveur. Chaque action des RGL3 &eacute;tait salu&eacute;e par des acclamations, tandis que la CF peinait &agrave; trouver des solutions face &agrave; cette domination.</p>\r\n<h2 data-start=\"1008\" data-end=\"1047\">Objectif : d&eacute;crocher le titre !</h2>\r\n<p data-start=\"1049\" data-end=\"1251\">Apr&egrave;s cette victoire convaincante, les RGL3 se tournent d&eacute;sormais vers la <strong data-start=\"1123\" data-end=\"1140\">grande finale</strong>. Conscients du d&eacute;fi qui les attend, ils comptent bien poursuivre sur leur lanc&eacute;e et aller chercher le sacre.</p>\r\n<p data-start=\"1253\" data-end=\"1347\"><strong data-start=\"1256\" data-end=\"1340\">Rendez-vous pour la grande finale, o&ugrave; les RGL3 tenteront de d&eacute;crocher le titre !</strong></p>\r\n<p data-start=\"1349\" data-end=\"1411\" data-is-last-node=\"\" data-is-only-node=\"\">&nbsp;</p>', 'uploads/67c44f087a325_20240123_183132.jpg', 1, '2025-03-02 12:28:56', '2025-03-08 12:20:19', 25),
(4, 'Comment créer des fiches de révision efficaces ?', '<p>Utilisez des couleurs, des sch&eacute;mas et des mots-cl&eacute;s pour synth&eacute;tiser l&rsquo;essentiel. Relisez vos fiches r&eacute;guli&egrave;rement pour bien m&eacute;moriser les informations.</p>', 'uploads/img_67a5a5ebde81e7.16711743.jpg', 1, '2025-02-04 16:49:20', '2025-03-12 18:22:37', 14),
(9, 'Binômage des RGL2 repoussé', '<p>Le&nbsp;bin&ocirc;mage des RGL2 (R&eacute;seaux de Gestion Logistique 2) a &eacute;t&eacute; officiellement repouss&eacute; &agrave; une date ult&eacute;rieure, suite &agrave; un m&eacute;contentement g&eacute;n&eacute;ralis&eacute; parmi les &eacute;tudiants concern&eacute;s. La d&eacute;cision a &eacute;t&eacute; prise apr&egrave;s une s&eacute;rie de manifestations et de r&eacute;unions entre les &eacute;tudiants et l&rsquo;administration.</p>\r\n<h4>Contexte</h4>\r\n<p>Initialement pr&eacute;vu pour le mois de f&eacute;vrier, le bin&ocirc;mage devait permettre aux &eacute;tudiants de se r&eacute;partir en &eacute;quipes afin de travailler sur des projets <span style=\"font-size: 10pt;\">logistiques.</span> Cependant, plusieurs probl&egrave;mes ont &eacute;t&eacute; soulev&eacute;s, notamment des incoh&eacute;rences dans les crit&egrave;res de s&eacute;lection et des horaires jug&eacute;s trop contraignants.</p>\r\n<h4>R&eacute;actions des &eacute;tudiants</h4>\r\n<p><img src=\"https://encrypted-tbn0.gstatic.com/images?q=tbn:ANd9GcS4CgaOuQrBSxd0uEZYHI2CLI4eCFDmUfrlGg&amp;s\" alt=\"\" width=\"484\" height=\"322\"></p>\r\n<p>Les &eacute;tudiants ont exprim&eacute; leur frustration, soulignant que les conditions de travail n&rsquo;&eacute;taient pas adapt&eacute;es &agrave; leurs emplois du temps d&eacute;j&agrave; charg&eacute;s. Ils ont demand&eacute; un r&eacute;ajustement des crit&egrave;res et une plus grande flexibilit&eacute;. Des repr&eacute;sentants &eacute;tudiants ont donc pris la parole lors de plusieurs assembl&eacute;es pour faire entendre leurs voix.</p>\r\n<h4>R&eacute;action de l&rsquo;administration</h4>\r\n<p>L&rsquo;administration, bien consciente du climat tendu, a pris la d&eacute;cision de repousser le bin&ocirc;mage pour permettre un meilleur dialogue avec les &eacute;tudiants. Un comit&eacute; sera mis en place pour r&eacute;&eacute;valuer les modalit&eacute;s du projet et envisager des alternatives plus en phase avec les attentes des &eacute;tudiants.</p>\r\n<h4>Conclusion</h4>\r\n<p>Le report du bin&ocirc;mage des RGL2 est un compromis qui pourrait favoriser un climat de collaboration plus serein entre les &eacute;tudiants et l&rsquo;administration. Il reste &agrave; voir si cette d&eacute;cision permettra de r&eacute;tablir la confiance et de garantir un d&eacute;roulement plus fluide du programme.</p>', 'uploads/img_67a4e344d628e0.70615568.jpg', 1, '2025-02-06 15:40:53', '2025-03-12 17:35:43', 16),
(6, 'La technique Pomodoro : une méthode efficace', '<p>Cette m&eacute;thode consiste &agrave; travailler pendant 25 minutes, puis &agrave; faire une pause de 5 minutes. Apr&egrave;s quatre sessions, accordez-vous une pause plus longue pour rester productif.</p>', 'uploads/img_67a4e2ecec7c20.04456172.jpg', 1, '2025-02-04 16:50:41', '2025-03-12 18:21:59', 15),
(14, 'Impact de la Technologie sur la Société Contemporaine ', '<p>La technologie est omnipr&eacute;sente dans notre soci&eacute;t&eacute; moderne. De la r&eacute;volution industrielle &agrave; l&rsquo;essor du num&eacute;rique, elle a fa&ccedil;onn&eacute; notre mani&egrave;re de vivre, de travailler et d&rsquo;interagir. Aujourd&rsquo;hui, alors que l&rsquo;intelligence artificielle (IA), l&rsquo;Internet des objets (IoT) et la blockchain transforment des secteurs entiers, il est crucial d&rsquo;analyser les implications sociales, &eacute;conomiques et &eacute;thiques de ces avanc&eacute;es. Cet article explore les impacts de la technologie sur notre monde, en mettant en lumi&egrave;re les d&eacute;fis et les opportunit&eacute;s qu&rsquo;elle repr&eacute;sente.</p>\r\n<h3>1. La Technologie et l&rsquo;&Eacute;conomie : Une Transformation des March&eacute;s</h3>\r\n<p>L&rsquo;automatisation et la num&eacute;risation ont consid&eacute;rablement modifi&eacute; les structures &eacute;conomiques. L&rsquo;essor de l&rsquo;IA et des robots intelligents a entra&icirc;n&eacute; la disparition de certains emplois, mais en a aussi cr&eacute;&eacute; de nouveaux dans le domaine du num&eacute;rique. Selon le Forum &Eacute;conomique Mondial, 85 millions d\'emplois seront remplac&eacute;s par des machines d\'ici 2025, mais 97 millions de nouveaux postes &eacute;mergeront.</p>\r\n<p>Le commerce en ligne est un autre exemple de transformation &eacute;conomique. Des entreprises comme Amazon et Alibaba ont boulevers&eacute; le commerce traditionnel en mettant en place des syst&egrave;mes logistiques optimis&eacute;s et des algorithmes de recommandation sophistiqu&eacute;s. Toutefois, cette &eacute;volution pose des questions sur la concentration des richesses et la disparition des commerces locaux.</p>\r\n<h3>2. Les Implications Sociales : Entre Opportunit&eacute;s et D&eacute;fis</h3>\r\n<p>Les technologies de communication ont facilit&eacute; l&rsquo;acc&egrave;s &agrave; l&rsquo;information et ont renforc&eacute; les liens sociaux &agrave; travers les r&eacute;seaux sociaux et les plateformes collaboratives. Cependant, elles ont aussi introduit des risques comme la d&eacute;sinformation, la cybercriminalit&eacute; et l&rsquo;addiction num&eacute;rique.</p>\r\n<p>L\'&eacute;ducation a &eacute;galement b&eacute;n&eacute;fici&eacute; des avanc&eacute;es technologiques. L&rsquo;apprentissage en ligne, les MOOCs (Massive Open Online Courses) et l&rsquo;intelligence artificielle personnalis&eacute;e permettent de rendre l&rsquo;&eacute;ducation plus accessible. N&eacute;anmoins, la fracture num&eacute;rique reste une probl&eacute;matique majeure : toutes les populations n&rsquo;ont pas un acc&egrave;s &eacute;quitable aux ressources technologiques.</p>\r\n<h3>3. Enjeux &Eacute;thiques et D&eacute;veloppement Durable</h3>\r\n<p>L\'IA soul&egrave;ve des questions &eacute;thiques complexes, notamment en mati&egrave;re de biais algorithmiques, de surveillance de masse et de prise de d&eacute;cision automatis&eacute;e. Les r&eacute;gulations actuelles peinent &agrave; encadrer ces technologies, ce qui peut engendrer des abus en mati&egrave;re de protection des donn&eacute;es et de libert&eacute;s individuelles.</p>\r\n<p>Par ailleurs, le d&eacute;veloppement technologique a un impact consid&eacute;rable sur l&rsquo;environnement. La production de composants &eacute;lectroniques n&eacute;cessite des ressources rares, et la consommation &eacute;nerg&eacute;tique des centres de donn&eacute;es est en constante augmentation. Pour att&eacute;nuer ces effets, des initiatives comme l&rsquo;informatique verte et l&rsquo;&eacute;conomie circulaire sont mises en place.</p>\r\n<h3>Conclusion</h3>\r\n<p>La technologie est une force de transformation majeure, avec des effets tant positifs que n&eacute;gatifs. Elle stimule l&rsquo;innovation, am&eacute;liore la productivit&eacute; et facilite la communication, mais engendre aussi des d&eacute;fis &eacute;conomiques, sociaux et environnementaux. Il est imp&eacute;ratif d&rsquo;adopter une approche &eacute;quilibr&eacute;e qui maximise les b&eacute;n&eacute;fices tout en minimisant les risques. La recherche et la r&eacute;gulation joueront un r&ocirc;le cl&eacute; pour garantir un avenir technologique &eacute;thique et durable.</p>', 'uploads/67d3065ade81f_143550364-concept-de-technologie-matrielle-en-non-carte-mre-en-lumire-bleu-rouge-composant-informatique.jpg', 1, '2025-03-13 16:22:51', '2025-03-13 16:34:37', 0);

-- --------------------------------------------------------

--
-- Structure de la table `article_category`
--

DROP TABLE IF EXISTS `article_category`;
CREATE TABLE IF NOT EXISTS `article_category` (
  `article_id` int NOT NULL,
  `category_id` int NOT NULL,
  PRIMARY KEY (`article_id`,`category_id`),
  KEY `category_id` (`category_id`)
) ENGINE=MyISAM DEFAULT CHARSET=utf8mb4 COLLATE=utf8mb4_0900_ai_ci;

--
-- Déchargement des données de la table `article_category`
--

INSERT INTO `article_category` (`article_id`, `category_id`) VALUES
(4, 3),
(6, 3),
(9, 2),
(10, 5),
(14, 3);

-- --------------------------------------------------------

--
-- Structure de la table `campus_photos`
--

DROP TABLE IF EXISTS `campus_photos`;
CREATE TABLE IF NOT EXISTS `campus_photos` (
  `id` int NOT NULL AUTO_INCREMENT,
  `title` varchar(255) NOT NULL,
  `description` text,
  `image_path` varchar(255) NOT NULL,
  `category` varchar(100) DEFAULT NULL,
  `is_active` tinyint(1) DEFAULT '1',
  `created_at` timestamp NULL DEFAULT CURRENT_TIMESTAMP,
  `updated_at` timestamp NULL DEFAULT CURRENT_TIMESTAMP ON UPDATE CURRENT_TIMESTAMP,
  PRIMARY KEY (`id`)
) ENGINE=MyISAM DEFAULT CHARSET=utf8mb4 COLLATE=utf8mb4_0900_ai_ci;

-- --------------------------------------------------------

--
-- Structure de la table `categories`
--

DROP TABLE IF EXISTS `categories`;
CREATE TABLE IF NOT EXISTS `categories` (
  `id` int NOT NULL AUTO_INCREMENT,
  `name` varchar(100) NOT NULL,
  `created_at` timestamp NULL DEFAULT CURRENT_TIMESTAMP,
  `description` text,
  PRIMARY KEY (`id`)
) ENGINE=MyISAM AUTO_INCREMENT=7 DEFAULT CHARSET=utf8mb4 COLLATE=utf8mb4_0900_ai_ci;

--
-- Déchargement des données de la table `categories`
--

INSERT INTO `categories` (`id`, `name`, `created_at`, `description`) VALUES
(1, 'Actualités', '2025-02-04 16:41:32', 'Actualités et info de l\'école'),
(2, 'Vie Étudiante', '2025-02-06 16:04:25', NULL),
(3, 'Cours & Apprentissage', '2025-02-06 16:04:25', NULL),
(5, 'Sport & Loisirs', '2025-03-02 12:13:20', NULL);

-- --------------------------------------------------------

--
-- Structure de la table `comments`
--

DROP TABLE IF EXISTS `comments`;
CREATE TABLE IF NOT EXISTS `comments` (
  `id` int NOT NULL AUTO_INCREMENT,
  `article_id` int NOT NULL,
  `name` varchar(100) NOT NULL,
  `email` varchar(100) NOT NULL,
  `comment` text NOT NULL,
  `created_at` timestamp NULL DEFAULT CURRENT_TIMESTAMP,
  `parent_id` int DEFAULT NULL,
  PRIMARY KEY (`id`),
  KEY `article_id` (`article_id`)
) ENGINE=MyISAM AUTO_INCREMENT=9 DEFAULT CHARSET=utf8mb4 COLLATE=utf8mb4_0900_ai_ci;

--
-- Déchargement des données de la table `comments`
--

INSERT INTO `comments` (`id`, `article_id`, `name`, `email`, `comment`, `created_at`, `parent_id`) VALUES
(1, 6, 'admin', 'admin@pigier.ci', 'mauvais article', '2025-02-19 22:14:25', NULL),
(3, 6, 'malik', 'abdelmalikkouadjo@gmail.com', 'C est cool moi je trouve', '2025-02-19 23:14:09', NULL),
(5, 4, 'admin', 'admin@pigier.ci', 'mmmm', '2025-02-22 14:42:42', NULL),
(6, 6, 'admin', 'admin@pigier.ci', 'c', '2025-02-24 22:24:21', NULL),
(7, 10, 'admin', 'admin@pigier.ci', 'dommage pour nous ! on ferra mieu la prochaine fois', '2025-03-08 12:20:19', NULL);

-- --------------------------------------------------------

--
-- Structure de la table `contributor_badges`
--

DROP TABLE IF EXISTS `contributor_badges`;
CREATE TABLE IF NOT EXISTS `contributor_badges` (
  `id` int NOT NULL AUTO_INCREMENT,
  `name` varchar(50) NOT NULL,
  `color` varchar(20) NOT NULL,
  `icon` varchar(50) DEFAULT NULL,
  `description` text,
  PRIMARY KEY (`id`)
) ENGINE=MyISAM AUTO_INCREMENT=9 DEFAULT CHARSET=utf8mb4 COLLATE=utf8mb4_0900_ai_ci;

--
-- Déchargement des données de la table `contributor_badges`
--

INSERT INTO `contributor_badges` (`id`, `name`, `color`, `icon`, `description`) VALUES
(1, 'Expert Tech', '#df30c7', 'fas fa-laptop-code', 'Expert en technologie'),
(3, 'Design Pro', '#2e96dc', 'fas fa-palette', 'Expert en design'),
(5, 'Innovateur', '#10bc2d', 'fas fa-rocket', 'Apporte des idées novatrices'),
(6, 'Mentor', '#f6d609', 'fas fa-graduation-cap', 'Aide les autres contributeurs');

-- --------------------------------------------------------

--
-- Structure de la table `events`
--

DROP TABLE IF EXISTS `events`;
CREATE TABLE IF NOT EXISTS `events` (
  `id` int NOT NULL AUTO_INCREMENT,
  `title` varchar(255) NOT NULL,
  `description` text,
  `event_date` date NOT NULL,
  `start_time` time DEFAULT NULL,
  `end_time` time DEFAULT NULL,
  `location` varchar(255) DEFAULT NULL,
  `image` varchar(255) DEFAULT NULL,
  `created_at` timestamp NULL DEFAULT CURRENT_TIMESTAMP,
  `updated_at` timestamp NULL DEFAULT CURRENT_TIMESTAMP ON UPDATE CURRENT_TIMESTAMP,
  PRIMARY KEY (`id`)
) ENGINE=MyISAM DEFAULT CHARSET=utf8mb4 COLLATE=utf8mb4_0900_ai_ci;

-- --------------------------------------------------------

--
-- Structure de la table `role_requests`
--

DROP TABLE IF EXISTS `role_requests`;
CREATE TABLE IF NOT EXISTS `role_requests` (
  `id` int NOT NULL AUTO_INCREMENT,
  `user_id` int NOT NULL,
  `requested_role` enum('editor','admin') NOT NULL,
  `reason` text NOT NULL,
  `experience` text NOT NULL,
  `status` enum('pending','approved','rejected') DEFAULT 'pending',
  `created_at` timestamp NULL DEFAULT CURRENT_TIMESTAMP,
  `updated_at` timestamp NULL DEFAULT CURRENT_TIMESTAMP ON UPDATE CURRENT_TIMESTAMP,
  PRIMARY KEY (`id`),
  KEY `user_id` (`user_id`)
) ENGINE=MyISAM AUTO_INCREMENT=2 DEFAULT CHARSET=utf8mb4 COLLATE=utf8mb4_0900_ai_ci;

--
-- Déchargement des données de la table `role_requests`
--

INSERT INTO `role_requests` (`id`, `user_id`, `requested_role`, `reason`, `experience`, `status`, `created_at`, `updated_at`) VALUES
(1, 12, 'editor', 'm', 'a', 'approved', '2025-03-12 17:18:21', '2025-03-12 17:19:01');

-- --------------------------------------------------------

--
-- Structure de la table `site_content`
--

DROP TABLE IF EXISTS `site_content`;
CREATE TABLE IF NOT EXISTS `site_content` (
  `id` int NOT NULL AUTO_INCREMENT,
  `content_key` varchar(50) NOT NULL,
  `content_value` text NOT NULL,
  `created_at` datetime DEFAULT CURRENT_TIMESTAMP,
  `updated_at` datetime DEFAULT NULL,
  PRIMARY KEY (`id`),
  UNIQUE KEY `content_key` (`content_key`)
) ENGINE=MyISAM AUTO_INCREMENT=2 DEFAULT CHARSET=utf8mb4 COLLATE=utf8mb4_0900_ai_ci;

--
-- Déchargement des données de la table `site_content`
--

INSERT INTO `site_content` (`id`, `content_key`, `content_value`, `created_at`, `updated_at`) VALUES
(1, 'weekly_quote', '{\"text\":\"Le succ\\u00e8s, c\'est tomber sept fois et se relever huit fois.\",\"author\":\"Assal\\u00e9 Yao\",\"updated_at\":\"2025-03-14 00:18:55\"}', '2025-03-14 00:18:55', '2025-03-14 00:18:55');

-- --------------------------------------------------------

--
-- Structure de la table `users`
--

DROP TABLE IF EXISTS `users`;
CREATE TABLE IF NOT EXISTS `users` (
  `id` int NOT NULL AUTO_INCREMENT,
  `username` varchar(50) NOT NULL,
  `email` varchar(100) NOT NULL,
  `password` varchar(255) NOT NULL,
  `created_at` timestamp NULL DEFAULT CURRENT_TIMESTAMP,
  `role` enum('admin','user','editor') CHARACTER SET utf8mb4 COLLATE utf8mb4_0900_ai_ci NOT NULL DEFAULT 'user',
  `profile_picture` varchar(255) DEFAULT 'img-profile/default-avatar.png',
  PRIMARY KEY (`id`),
  UNIQUE KEY `username` (`username`),
  UNIQUE KEY `email` (`email`)
) ENGINE=MyISAM AUTO_INCREMENT=15 DEFAULT CHARSET=utf8mb4 COLLATE=utf8mb4_0900_ai_ci;

--
-- Déchargement des données de la table `users`
--

INSERT INTO `users` (`id`, `username`, `email`, `password`, `created_at`, `role`, `profile_picture`) VALUES
(1, 'admin', 'admin@pigier.ci', '$2y$10$KVQcQauNWr8d98ZDiyGNneXSJ/h5ZrLvWGnqm5PDGOWGgtu.ix7zK', '2025-02-03 18:09:23', 'admin', 'img-profile/logo.png'),
(12, 'kouadjo', 'abdelmaliklemuslim@gmail.com', '$2y$10$nRjbvx0uDwjSS0m9SwiWh.IwmWg2cOiJ.dLpavQE2KK.XhGgghL3y', '2025-03-12 17:06:48', 'editor', 'img-profile/3,width=650,height=650,appearanceId=541.jpg'),
(10, 'malik', 'abdelmalikkouadjo@gmail.com', '$2y$10$9YaIDPnlJh1dFM5IjsHfme8.dT8Q5dqc7esuMqSLZaddSzW/pONEO', '2025-02-19 23:13:11', 'editor', 'uploads/profiles/67d1af1cd782a.jpg'),
(14, 'yasmine', 'yasmin@gmail.com', '$2y$10$KVIsqa3iPimjc7qLkdszrO9gIWjKfQ0c5MHF06nu1K0FharC1.0bK', '2025-03-13 12:54:41', 'user', 'img-profile/67d2d590e0629_hero.png');

-- --------------------------------------------------------

--
-- Structure de la table `user_badges`
--

DROP TABLE IF EXISTS `user_badges`;
CREATE TABLE IF NOT EXISTS `user_badges` (
  `id` int NOT NULL AUTO_INCREMENT,
  `user_id` int NOT NULL,
  `badge_id` int NOT NULL,
  `awarded_date` timestamp NULL DEFAULT CURRENT_TIMESTAMP,
  PRIMARY KEY (`id`),
  KEY `user_id` (`user_id`),
  KEY `badge_id` (`badge_id`)
) ENGINE=MyISAM AUTO_INCREMENT=7 DEFAULT CHARSET=utf8mb4 COLLATE=utf8mb4_0900_ai_ci;

--
-- Déchargement des données de la table `user_badges`
--

INSERT INTO `user_badges` (`id`, `user_id`, `badge_id`, `awarded_date`) VALUES
(1, 1, 1, '2025-03-12 22:57:28'),
(2, 1, 5, '2025-03-12 22:58:24'),
(4, 1, 6, '2025-03-13 15:30:31'),
(5, 12, 3, '2025-03-13 15:38:00'),
(6, 10, 1, '2025-03-13 16:17:02');

-- --------------------------------------------------------

--
-- Structure de la table `weekly_quotes`
--

DROP TABLE IF EXISTS `weekly_quotes`;
CREATE TABLE IF NOT EXISTS `weekly_quotes` (
  `id` int NOT NULL AUTO_INCREMENT,
  `quote` text NOT NULL,
  `author` varchar(255) DEFAULT NULL,
  `is_active` tinyint(1) DEFAULT '0',
  `start_date` date DEFAULT NULL,
  `end_date` date DEFAULT NULL,
  `created_at` timestamp NULL DEFAULT CURRENT_TIMESTAMP,
  PRIMARY KEY (`id`)
) ENGINE=MyISAM DEFAULT CHARSET=utf8mb4 COLLATE=utf8mb4_0900_ai_ci;
COMMIT;

/*!40101 SET CHARACTER_SET_CLIENT=@OLD_CHARACTER_SET_CLIENT */;
/*!40101 SET CHARACTER_SET_RESULTS=@OLD_CHARACTER_SET_RESULTS */;
/*!40101 SET COLLATION_CONNECTION=@OLD_COLLATION_CONNECTION */;
